{
  "hourly_mean_pred": {
    "MAE": 24.16746519475093,
    "RMSE": 31.927361548719457
  },
  "last_week_pred": {
    "MAE": 31.687684847279392,
    "RMSE": 43.47192483100529
  }
}