{
  "hidden_layer_sizes": [
    50,
    50
  ],
  "alpha": 0.00289885802010906,
  "learning_rate_init": 0.006629660499645003,
  "max_iter": 1228
}